iter	Logloss
0	0.6139476563
1	0.5546729492
2	0.5211825195
3	0.4956574707
4	0.4766412598
5	0.4586158203
6	0.4444163086
7	0.4339364258
8	0.4256299316
9	0.4172017578
10	0.4126444336
11	0.4071922852
12	0.4018502441
13	0.3989679688
14	0.3941866699
15	0.3912502686
16	0.3865731201
17	0.3820300293
18	0.3790793701
19	0.377267334
20	0.3751292969
21	0.3725643555
22	0.3689474854
23	0.3661757812
24	0.3649755859
25	0.3624105713
26	0.3602974365
27	0.3578947266
28	0.3558598877
29	0.3543889404
30	0.3528708496
